model,dataset,mse,r2,mae,n_samples,n_features,timestamp,experiment_name
Linear Regression,sample_regression,131.66723601084303,0.9870826718638489,9.167579629215629,30,2,2025-06-24T21:32:49.597966,week1_test_results
ridge,boston,3.677342156855248,4.171101718018779,0.9105082503094452,0.9175157469623448,boston,ridge,0.2,42,false,,1.0,RESULTS,True,2025-07-01T23:56:44.800128,ridge_boston
lasso,boston,3.677124230621815,4.171952660761684,0.9105135537593558,0.9174989194234183,boston,lasso,0.2,42,false,,1.0,RESULTS,True,2025-07-02T00:37:20.879743,lasso_boston
lasso,boston,3.677124230621815,4.171952660761684,0.9105135537593558,0.9174989194234183,boston,lasso,0.2,42,false,,1.0,RESULTS,True,2025-07-02T01:18:44.488897,lasso_boston
ridge,boston,3.677344955721208,4.170953393086034,0.9105081821962805,0.917518680113371,boston,ridge,0.2,42,false,,1.0,RESULTS,True,standard,"0,1",2025-07-02T01:37:11.510790,ridge_boston
ridge,boston,3.677342156855248,4.171101718018779,0.9105082503094452,0.9175157469623448,boston,ridge,0.2,42,false,,1.0,RESULTS,True,none,"0,1",2025-07-02T02:03:33.450279,ridge_boston
lasso,boston,3.677103600433597,4.171269193384011,0.9105140558153412,0.9175124351082263,boston,lasso,0.2,42,false,,0.1,RESULTS,True,none,"0,1",2025-07-02T02:03:33.800784,lasso_boston
ridge,boston,3.677344955721208,4.170953393086034,0.9105081821962805,0.917518680113371,boston,ridge,0.2,42,false,,1.0,RESULTS,True,standard,"0,1",2025-07-02T02:03:34.131815,ridge_boston
ridge,iris,0.0825526281688052,0.07084276981856794,0.8718830622802538,0.8978229281462963,iris,ridge,0.3,42,false,,0.5,RESULTS,False,none,"0,1",2025-07-02T02:03:35.197149,ridge_iris
lasso,iris,0.08254800780629996,0.07095858881370982,0.8718902328175032,0.8976558815186877,iris,lasso,0.3,42,false,,0.1,RESULTS,False,none,"0,1",2025-07-02T02:03:35.543447,lasso_iris
ridge,boston,3.677342156855248,4.171101718018779,0.9105082503094452,0.9175157469623448,boston,ridge,0.2,42,false,,1.0,RESULTS,True,none,"0,1",2025-07-02T09:01:22.139267,ridge_boston
lasso,boston,3.677103600433597,4.171269193384011,0.9105140558153412,0.9175124351082263,boston,lasso,0.2,42,false,,0.1,RESULTS,True,none,"0,1",2025-07-02T09:01:22.625985,lasso_boston
ridge,boston,3.677344955721208,4.170953393086034,0.9105081821962805,0.917518680113371,boston,ridge,0.2,42,false,,1.0,RESULTS,True,standard,"0,1",2025-07-02T09:01:23.154165,ridge_boston
ridge,iris,0.0825526281688052,0.07084276981856794,0.8718830622802538,0.8978229281462963,iris,ridge,0.3,42,false,,0.5,RESULTS,False,none,"0,1",2025-07-02T09:01:24.652245,ridge_iris
lasso,iris,0.08254800780629996,0.07095858881370982,0.8718902328175032,0.8976558815186877,iris,lasso,0.3,42,false,,0.1,RESULTS,False,none,"0,1",2025-07-02T09:01:25.167243,lasso_iris
ridge,boston,3.677342156855248,4.171101718018779,0.9105082503094452,0.9175157469623448,boston,ridge,0.2,42,false,,1.0,RESULTS,True,none,"0,1",2025-07-02T10:20:22.137563,ridge_boston
ridge,boston,3.677342156855248,4.171101718018779,0.9105082503094452,0.9175157469623448,boston,ridge,0.2,42,false,,1.0,RESULTS,True,none,"0,1",2025-07-02T10:52:20.870174,ridge_boston
classification,0.7666666666666667,0.7333333333333333,0.8084935897435898,0.7333333333333333,0.7690815230572012,"[[10, 0, 0], [3, 1, 5], [0, 0, 11]]",logistic_regression,iris,iris,logistic_regression,0.2,42,false,,1.0,RESULTS,True,standard,"0,1",,2025-07-11T12:08:28.460749,logistic_regression_iris
regression,3.677124230621815,4.171952660761684,0.9105135537593558,0.9174989194234183,lasso,boston,boston,lasso,0.2,42,false,,1.0,RESULTS,True,none,"0,1",,2025-07-11T12:09:28.157491,lasso_boston
classification,0.925,0.9,0.9033333333333334,0.9,0.9016635859519408,"[[10, 0, 0], [0, 8, 1], [0, 2, 9]]",knn,iris,iris,knn,0.2,42,false,,1.0,RESULTS,False,standard,"0,1",,5,euclidean,uniform,2025-07-11T12:40:15.132708,knn_iris
classification,1.0,1.0,1.0,1.0,1.0,"[[13, 0, 0], [0, 11, 0], [0, 0, 11]]",knn,wine,wine,knn,0.2,42,false,,1.0,RESULTS,False,minmax,"0,1",,3,manhattan,uniform,2025-07-11T12:40:43.172914,knn_wine
classification,0.8916666666666667,0.8,0.8177777777777777,0.8,0.8087912087912088,"[[10, 0, 0], [0, 4, 5], [0, 1, 10]]",svm,iris,iris,svm,0.2,42,false,,1.0,RESULTS,True,standard,"0,1",,5,euclidean,uniform,1.0,linear,scale,3,1000,0.001,2025-07-11T22:07:19.012782,svm_iris
classification,0.9583333333333334,0.9,0.9144444444444445,0.9,0.9071647274954072,"[[10, 0, 0], [0, 9, 0], [2, 1, 8]]",svm,iris,iris,svm,0.2,42,false,,1.0,RESULTS,False,standard,"0,1",,5,euclidean,uniform,1.0,rbf,scale,3,1000,0.001,2025-07-11T23:15:44.472089,svm_iris
clustering,3,-0.021141441455845823,0.8269203657367191,17.997934835298743,238.3625321202746,0,"[0, 0, 2, 0, 0, 1, 1, 0, 0, 0, 1, 2, 2, 0, 0, 2, 1, 2, 2, 1, 0, 1, 1, 0, 1, 2, 0, 0, 0, 2, 1, 0, 2, 0, 2, 0, 2, 1, 0, 2, 1, 0, 1, 1, 2, 1, 1, 1, 0, 1, 1, 0, 0, 2, 2, 0, 1, 0, 0, 1, 1, 1, 2, 1, 1, 2, 0, 0, 1, 1, 0, 0, 0, 1, 1, 2, 1, 1, 0, 2, 2, 1, 2, 1, 0, 1, 1, 1, 2, 1, 2, 2, 2, 2, 0, 2, 1, 1, 0, 2, 1, 1, 0, 1, 0, 1, 1, 1, 1, 1, 1, 2, 1, 1, 0, 2, 1, 0, 2, 1, 2, 0, 1, 1, 1, 0, 2, 1, 2, 2, 1, 0, 0, 0, 0, 1, 1, 2, 2, 1, 0, 1, 0, 1, 2, 1, 1, 1, 0, 0]",kmeans,iris,iris,kmeans,0.2,42,false,,1.0,RESULTS,True,standard,"0,1",,5,euclidean,uniform,1.0,linear,scale,3,1000,0.001,3,k-means++,300,0.0001,ward,,0.5,5,euclidean,2025-07-16T03:32:53.515155,kmeans_iris
clustering,3,-0.04272428935263865,2.6532595479368473,10.421962132488297,,0,"[0, 2, 2, 1, 2, 0, 1, 1, 1, 2, 0, 1, 2, 2, 0, 1, 0, 0, 2, 2, 1, 1, 0, 1, 0, 2, 1, 1, 2, 0, 0, 0, 2, 0, 0, 1, 2, 1, 0, 2, 2, 0, 2, 2, 1, 0, 1, 0, 0, 2, 0, 0, 2, 1, 1, 1, 0, 1, 1, 2, 2, 2, 0, 1, 2, 2, 1, 1, 0, 2, 2, 2, 1, 2, 1, 1, 1, 0, 0, 2, 0, 2, 0, 0, 1, 1, 0, 0, 0, 2, 0, 1, 2, 1, 1, 1, 2, 2, 1, 0, 0, 1, 2, 2, 0, 1, 2, 2, 2, 2, 1, 0, 1, 0, 2, 0, 0, 1, 0, 0, 2, 2, 0, 2, 2, 0, 0, 2, 2, 2, 1, 1, 1, 1, 1, 2, 2, 0, 1, 1, 0, 1, 1, 0, 0, 2, 0, 1, 0, 2, 2, 1, 2, 0, 2, 0, 2, 0, 1, 1, 1, 0, 1, 0, 1, 1, 2, 2, 2, 1, 1, 1, 0, 0, 2, 2, 0, 0]",hierarchical,wine,wine,hierarchical,0.2,42,false,,1.0,RESULTS,False,none,"0,1",,5,euclidean,uniform,1.0,linear,scale,3,1000,0.001,3,k-means++,300,0.0001,ward,,0.5,5,euclidean,2025-07-16T03:35:54.371080,hierarchical_wine
classification,0.9666666666666667,0.6666666666666666,0.7023809523809524,0.6666666666666666,0.6840579710144927,"[[7, 3, 0], [0, 4, 5], [0, 2, 9]]","[0.38008439045300546, 0.020542761379608608, 0.5276844418033786, 0.07168840636400742]",6,11,,decision_tree,iris,iris,decision_tree,0.2,42,false,,1.0,RESULTS,False,standard,"0,1",,5,euclidean,uniform,1.0,linear,scale,3,1000,0.001,3,k-means++,300,0.0001,ward,,0.5,5,euclidean,5,2,1,100,gini,sqrt,true,False,5,False,False,False,10,accuracy,2025-07-16T04:21:05.128234,decision_tree_iris
